"What final grade are you aiming to achieve in DATA2x02?","When it comes to assignments / due tasks do you:","Would you prefer to have a trimester system (3 main teaching sessions per year) or stick with the existing semester system (2 main teaching sessions per year)?","Do you tend to lean towards saying ""yes"" or towards saying ""no"" to things throughout life?","Do you pay rent?","What is the average amount of money you spend each week on food/beverages?","What are your current living arrangements?","How much alcohol do you consume each week?","Do you believe in the existence of aliens (Extraterrestrial Life)?","How often would you say you feel anxious on a daily basis?","How many hours a week do you spend studying?","Do you work?","How consistent would you rate your sleep schedule?","What is your diet style?","Pick a number at random between 1 and 10 (inclusive)","What is your favourite number (between 1 and 10 inclusive)","Do you have a driver's license?","Do you currently have a partner?","What computer OS (operating system) are you currently using?","How do you like your steak cooked?","What is your dominant hand?","Which unit are you enrolled in?","Do you submit assignments on time?","How many Weet-Bix would you typically eat in one sitting?","Have you ever used R before starting DATA2x02?","What kind of role (active or passive) do you think you are when working as part of a team?","What is your WAM (weighted average mark)?","On average, how many hours each week do you spend exercising?","How many hours a week (on average) do you work in paid employment?","How much sleep do you get (on avg, per day) in hours?","What is your WAM grade band?"
"Pass","cram at the last second",NA,"More ""Yes""","Yes",10,"With parent(s) and/or sibling(s)","I don't drink alcohol","Yes",10,2,"I don't currently work",1,NA,5,7,"Yes","No","MacOS","I don't eat beef","Right","DATA2002","Always",5,"Yes",10,65,0.5,0,4.5,"CR"
"Fail","cram at the last second","Semester","More ""No""","No",20,"With parent(s) and/or sibling(s)","Less than 5 standard drinks","Yes",2,10,"Casual",8,"Omnivorous",8,6,"Yes","No","Linux","Medium-rare","Right","DATA2902","Always",5,"Yes",6,86,7,20,8,"HD"
"High Distinction","draw up a schedule and work through it in planned stages","Semester","More ""Yes""","Yes",300,"With partner","I don't drink alcohol","Yes",10,NA,"I don't currently work",3,"Omnivorous",5,5,"Yes","Yes","MacOS","Well done","Ambidextrous","DATA2002","Always",0,"Yes",3,75,2,0,7,"DI"
"High Distinction","cram at the last second","Semester","More ""Yes""","No",50,"With parent(s) and/or sibling(s)","Less than 5 standard drinks","No",1,20,"Casual",10,"Omnivorous",4,5,"Yes","No","Windows","Medium-rare","Right","DATA2002","Always",0,"Yes",7,74,8,20,9,"CR"
"Distinction","do them immediately","Semester","More ""Yes""","Yes",150,"College or student accomodation","I don't drink alcohol","No",4,28,"I don't currently work",4,"Vegetarian",2,2,"No","No","MacOS","I don't eat beef","Right","DATA2002","Usually",1,"Yes",7,77.3,6,0,6,"DI"
"High Distinction","do them immediately","Semester","More ""Yes""","No",100,"With parent(s) and/or sibling(s)","Between 10 and 15 standard drinks","Yes",5,20,"Part time",7,NA,5,8,"Yes","No","MacOS","Medium-rare","Right","DATA2902","Always",4,"Yes",7,92.4,6,26,8,"HD"
"Distinction","draw up a schedule and work through it in planned stages","Semester","More ""Yes""","No",250,"Alone","I don't drink alcohol","Yes",3,15,"Self employed",1,"Omnivorous",7,7,"Yes","Yes","MacOS","Medium-rare","Right","DATA2902",NA,2,"Yes",8,75,2,5,7,"DI"
"High Distinction","cram at the last second","Semester","More ""Yes""","Yes",30,"With parent(s) and/or sibling(s)","I don't drink alcohol","Yes",4,30,"Casual",7,NA,3,8,"Yes","Yes","Windows","I don't eat beef","Right","DATA2002","Always",7,"Yes",8,73,6,15,8,"CR"
"High Distinction","draw up a schedule and work through it in planned stages","Semester","More ""Yes""","Yes",20,"With parent(s) and/or sibling(s)","I don't drink alcohol","No",6,21,"I don't currently work",10,"Omnivorous",2,2,"No","No","MacOS","Well done","Right","DATA2902","Always",30,"Yes",8,85,2,0,8,"HD"
"Distinction","draw up a schedule and work through it in planned stages","Semester","More ""No""","No",100,"With parent(s) and/or sibling(s)","Less than 5 standard drinks","No",8,20,"Contractor",7,"Omnivorous",7,2,"Yes","Yes","MacOS","Medium-rare","Left","DATA2002","Always",2,"Yes",9,80.1,7,10,6,"DI"
"High Distinction","draw up a schedule and work through it in planned stages","Semester","More ""Yes""","Yes",100,"College or student accomodation","I don't drink alcohol","Yes",3,24,"Casual",8,"Omnivorous",6,1,"Yes","No","Linux","I don't eat beef","Right","DATA2902","Usually",0,"Yes",7,83.1,3,5,8,"DI"
"Distinction","cram at the last second","Semester","More ""Yes""","No",50,"With parent(s) and/or sibling(s)","Between 5 and 10 standard drinks","Yes",2,36,"Contractor",8,NA,2,8,"Yes",NA,"MacOS","Medium-rare","Left","DATA2002","Always",4,"No",9,62,11,4.5,8.5,"PS"
"Distinction","draw up a schedule and work through it in planned stages","Semester","More ""Yes""","No",10,"With parent(s) and/or sibling(s)","I don't drink alcohol","Yes",5,15,"Part time",5,"Omnivorous",6,8,"Yes","Yes","MacOS","Medium-rare","Right","DATA2002","Usually",0,"Yes",10,NA,4,10,6,NA
"Distinction","cram at the last second","Semester","More ""No""","No",0,"With parent(s) and/or sibling(s)","I don't drink alcohol","No",10,20,"Casual",8,"Omnivorous",5,5,"Yes","No","Windows","Medium","Right","DATA2902","Usually",0,"Yes",5,72,0,2,8,"CR"
"High Distinction","do them immediately","Semester","More ""Yes""","No",150,"With parent(s) and/or sibling(s)","I don't drink alcohol","No",7,20,"Casual",9,"Omnivorous",4,7,"Yes","No","MacOS","Medium","Left","DATA2902","Always",2,"Yes",8,92.8,3,20,8,"HD"
"High Distinction","do them immediately","Semester","More ""Yes""","No",250,NA,"Between 5 and 10 standard drinks","Yes",1,50,"Self employed",4,NA,8,4,"Yes","Yes","Windows","Medium-rare","Right","DATA2902","Always",0,"Yes",10,91.8,0,6.5,8,"HD"
"Distinction","draw up a schedule and work through it in planned stages","Semester","More ""Yes""","No",60,"With parent(s) and/or sibling(s)","I don't drink alcohol","Yes",5,9,"Part time",4,"Omnivorous",3,5,"Yes","No","MacOS","I don't eat beef","Right","DATA2002","Usually",1.5,"Yes",9,71,2,9,6,"CR"
"High Distinction","do them immediately","Trimester","More ""Yes""","Yes",210,"Share house","I don't drink alcohol","Yes",10,35,"I don't currently work",7,"Omnivorous",4,6,"Yes","No","MacOS","I don't eat beef","Right","DATA2002","Always",0,"Yes",9,84,0,0,8,"DI"
"High Distinction","draw up a schedule and work through it in planned stages","Semester","More ""No""","Yes",70,"With parent(s) and/or sibling(s)","I don't drink alcohol","Yes",4,25,"Part time",7,"Omnivorous",3,7,"Yes","No","MacOS","Medium-rare","Right","DATA2002","Always",4,"Yes",8,60,8,16,7,"PS"
"High Distinction","draw up a schedule and work through it in planned stages","Semester","More ""Yes""","No",50,"With parent(s) and/or sibling(s)","Between 5 and 10 standard drinks","Yes",1,10,"Casual",8,"Omnivorous",5,7,"Yes","No","MacOS","Medium-rare","Right","DATA2002","Always",2,"Yes",9,87,5,25,9,"HD"
"High Distinction","do them immediately","Semester","More ""No""","Yes",120,"With parent(s) and/or sibling(s)","I don't drink alcohol","Yes",10,30,"I don't currently work",1,"Omnivorous",2,3,"Yes","No","MacOS","Medium","Right","DATA2002","Usually",1,"Yes",2,75,3,0,6,"DI"
"High Distinction","draw up a schedule and work through it in planned stages","Semester","More ""Yes""","No",85,"With parent(s) and/or sibling(s)","I don't drink alcohol","No",5,16,"Casual",7,"Omnivorous",5,5,"Yes","No","MacOS","Medium","Right","DATA2902","Always",3,"No",9,78,6,12,8.5,"DI"
"Distinction","draw up a schedule and work through it in planned stages","Semester","More ""Yes""","No",20,"With parent(s) and/or sibling(s)","I don't drink alcohol","Yes",6,8,"Part time",4,"Omnivorous",7,7,"Yes","No","MacOS","Medium","Right","DATA2902","Usually",1,"Yes",6,60,NA,10,6,"PS"
"Credit","do them immediately","Semester","More ""No""","Yes",200,"College or student accomodation","I don't drink alcohol","No",8,30,"I don't currently work",6,"Omnivorous",10,10,"No","No","MacOS","Medium","Right","DATA2002","Always",0,"Yes",7,78,0,0,6,"DI"
"Distinction","draw up a schedule and work through it in planned stages","Semester","More ""No""","No",60,"With parent(s) and/or sibling(s)","I don't drink alcohol","No",4,20,"I don't currently work",8,"Omnivorous",3,3,"No","No","MacOS","I don't eat beef","Right","DATA2002","Always",0,"Yes",9,74,2,0,8.5,"CR"
"High Distinction","cram at the last second","Semester","More ""No""","Yes",600,"With partner","Between 5 and 10 standard drinks","Yes",5,5,"Self employed",10,"Vegetarian",10,1,"Yes",NA,"Windows","I don't eat beef","Right","DATA2002","Always",0,"Yes",5,69,7,10,10,"CR"
"High Distinction","do them immediately","Trimester","More ""Yes""","Yes",150,"Alone","Less than 5 standard drinks","No",10,35,"Self employed",9,"Omnivorous",9,8,"No","No","MacOS","Medium","Right","DATA2902","Always",5,"No",7,83,15,0,8,"DI"
"Distinction","do them immediately","Semester","More ""Yes""","No",200,"With parent(s) and/or sibling(s)","Less than 5 standard drinks","No",6,10,"I don't currently work",5,"Omnivorous",1,6,"Yes","No","Windows","Well done","Right","DATA2002","Usually",0,"Yes",8,75,3,0,8,"DI"
"Distinction","do them immediately","Semester","More ""Yes""","No",50,"With parent(s) and/or sibling(s)","I don't drink alcohol","No",9,25,"Casual",7,"Omnivorous",3,3,"No","No","MacOS","Medium","Right","DATA2002","Always",2,"Yes",8,74,3,10,8,"CR"
"Distinction","draw up a schedule and work through it in planned stages","Semester","More ""Yes""","Yes",300,"Share house","I don't drink alcohol","No",8,10,"I don't currently work",8,"Omnivorous",7,7,"No","No","MacOS","Medium","Right","DATA2002","Always",0,"Yes",2,72,2,0,6,"CR"
"High Distinction","do them immediately","Semester","More ""Yes""","No",150,"With parent(s) and/or sibling(s)","I don't drink alcohol","Yes",4,36,"Part time",8,"Omnivorous",5,3,"Yes","No","Windows","Medium-rare","Right","DATA2902","Always",2,"Yes",9,78,8,12,8,"DI"
"High Distinction","draw up a schedule and work through it in planned stages","Semester","More ""No""","No",15,"With parent(s) and/or sibling(s)","I don't drink alcohol","No",5,6,"Casual",9,"Omnivorous",2,1,"Yes","No","MacOS","Medium-well done","Left","DATA2002","Always",NA,"Yes",7,85,10,5,9,"HD"
"Credit","draw up a schedule and work through it in planned stages","Semester","More ""No""","No",100,"With parent(s) and/or sibling(s)","Less than 5 standard drinks","Yes",4,2,"Casual",7,"Omnivorous",3,6,"No","No","Windows","Medium-rare","Right","DATA2002","Always",7,"Yes",6,65,2,15,7,"CR"
"Distinction","draw up a schedule and work through it in planned stages","Semester","More ""No""","No",60,"With parent(s) and/or sibling(s)","I don't drink alcohol","No",10,10,"I don't currently work",8,"Omnivorous",7,7,"Yes","No","Windows","Well done","Right","DATA2002","Always",2,"Yes",6,55,5,0,8,"PS"
"High Distinction","draw up a schedule and work through it in planned stages","Semester","More ""Yes""","Yes",210,"Share house","Less than 5 standard drinks","Yes",2,30,"I don't currently work",3,"Omnivorous",8,3,"No","Yes","MacOS","Medium-rare","Right","DATA2002","Always",NA,"Yes",5,78,0,0,6,"DI"
"Distinction","do them immediately","Trimester","More ""Yes""","Yes",280,"Share house","I don't drink alcohol","No",9,70,"Part time",9,"Omnivorous",1,1,"Yes","No","Windows","Medium-well done","Right","DATA2002","Sometimes",2,"Yes",6,NA,2,60,7,NA
"Credit","cram at the last second","Semester","More ""No""","No",60,"With parent(s) and/or sibling(s)","Between 5 and 10 standard drinks","Yes",9,7,"Part time",1,"Omnivorous",7,3,"Yes","No","Windows","Medium-rare","Right","DATA2002","Always",3,"Yes",9,72,3,25,5.5,"CR"
"High Distinction","draw up a schedule and work through it in planned stages","Semester","More ""Yes""","No",50,"With parent(s) and/or sibling(s)","I don't drink alcohol","Yes",7,6,"Part time",3,"Omnivorous",3,9,"No","Yes","MacOS","Medium-rare","Right","DATA2902","Usually",1,"Yes",7,83,1,10,6.5,"DI"
"Distinction","draw up a schedule and work through it in planned stages","Semester","More ""No""","No",45,"With parent(s) and/or sibling(s)","I don't drink alcohol","Yes",3,2,"Casual",9,"Omnivorous",9,9,"Yes","Yes","Windows","Medium-rare","Right","DATA2902","Always",4,"Yes",6,77,7,9,8,"DI"
"High Distinction","cram at the last second","Semester","More ""Yes""","No",NA,"With parent(s) and/or sibling(s)","Less than 5 standard drinks","Yes",4,30,"Casual",2,"Omnivorous",8,2,"Yes","No","Windows","Medium-rare","Right","DATA2902","Usually",4,"Yes",6,80,6,16,7,"DI"
"High Distinction","draw up a schedule and work through it in planned stages","Semester","More ""Yes""","Yes",400,NA,"Less than 5 standard drinks","Yes",7,25,"Casual",1,"Omnivorous",8,8,"Yes","No","Windows","Medium-well done","Right","DATA2902","Always",2,"Yes",8,89.4,5,4,6,"HD"
NA,"draw up a schedule and work through it in planned stages","Semester","More ""Yes""","Yes",200,"Share house","Less than 5 standard drinks","No",6,8,"I don't currently work",8,"Omnivorous",7,7,"Yes","No","Windows","Medium","Right",NA,"Usually",1,NA,7,79,1,NA,NA,"DI"
"High Distinction","draw up a schedule and work through it in planned stages","Semester","More ""No""","No",0,"With parent(s) and/or sibling(s)","I don't drink alcohol","No",3,20,"I don't currently work",4,"Omnivorous",4,4,"Yes","No","Windows","Well done","Right","DATA2902","Always",2,"Yes",6,84,2,0,8,"DI"
"High Distinction","draw up a schedule and work through it in planned stages","Semester","More ""Yes""","Yes",120,"College or student accomodation","I don't drink alcohol","Yes",5,10,"Part time",5,"Omnivorous",5,5,NA,"No","MacOS","Medium-well done","Right","DATA2902","Usually",6,"Yes",9,59.2,5,25,7,"PS"
"High Distinction","draw up a schedule and work through it in planned stages","Semester","More ""Yes""","Yes",NA,"College or student accomodation","Between 5 and 10 standard drinks","Yes",7,NA,"Casual",4,"Omnivorous",7,4,"Yes","No","Windows","Medium-rare","Right","DATA2902","Always",3,"Yes",8,NA,10,NA,8,NA
"Credit","draw up a schedule and work through it in planned stages","Semester","More ""Yes""","Yes",300,"With partner","Less than 5 standard drinks","Yes",4,28,"I don't currently work",6,"Omnivorous",6,6,"Yes","Yes","MacOS","Medium-well done","Right","DATA2002","Always",0,"Yes",3,60,2,0,10,"PS"
"Credit","cram at the last second","Semester","More ""Yes""","Yes",300,"Share house","I don't drink alcohol","Yes",7,4,"Part time",3,"Pescatarian",4,4,"No","No","Linux","Well done","Right","DATA2002","Usually",0,"Yes",7,61,4,30,5,"PS"
"High Distinction","draw up a schedule and work through it in planned stages","Semester","More ""No""","No",50,"With parent(s) and/or sibling(s)","I don't drink alcohol","No",7,18,"Part time",4,"Omnivorous",8,8,"No","No","MacOS","Medium-well done","Right","DATA2902","Always",2,"Yes",2,70,0,26,8,"CR"
"Distinction","cram at the last second","Semester","More ""Yes""","Yes",150,"College or student accomodation","I don't drink alcohol","Yes",7,15,"I don't currently work",4,"Omnivorous",6,6,"No","No","MacOS","Medium","Right","DATA2002","Usually",2,"No",7,60,0,0,8,"PS"
"High Distinction","draw up a schedule and work through it in planned stages","Semester","More ""Yes""","No",0,"With parent(s) and/or sibling(s)","I don't drink alcohol","Yes",10,10,"Casual",7,"Omnivorous",6,2,"Yes","No","MacOS","Medium-rare","Left","DATA2902","Usually",0,"Yes",10,84,7,0,8,"DI"
"High Distinction","draw up a schedule and work through it in planned stages","Semester","More ""Yes""","No",40,"With parent(s) and/or sibling(s)","Less than 5 standard drinks","Yes",10,50,"Casual",5,"Omnivorous",5,4,"Yes","No","MacOS","Medium-well done","Right","DATA2002","Always",1,"Yes",9,NA,4,4,7,NA
"Distinction","cram at the last second","Semester","More ""Yes""","No",10,"With parent(s) and/or sibling(s)","I don't drink alcohol","No",5,4,"Part time",4,"Omnivorous",1,2,"Yes","Yes","Windows","Medium","Left","DATA2002","Usually",5,"Yes",6,66,5,12,9.5,"CR"
"High Distinction","do them immediately","Semester","More ""No""","Yes",60,"College or student accomodation","I don't drink alcohol","Yes",5,80,"I don't currently work",8,"Omnivorous",1,1,"No","No","Windows","Medium","Right","DATA2902","Always",NA,"Yes",10,87,7,0,8,"HD"
"High Distinction","cram at the last second","Semester","More ""No""","Yes",210,"Share house","Less than 5 standard drinks","Yes",6,3,"I don't currently work",6,"Omnivorous",2,9,"Yes","Yes","MacOS","Medium-rare","Right","DATA2002","Always",0,"Yes",8,76,0,0,8,"DI"
"Distinction","draw up a schedule and work through it in planned stages","Semester","More ""No""","No",60,"With parent(s) and/or sibling(s)","I don't drink alcohol","Yes",6,3,"Part time",6,"Omnivorous",8,8,"Yes","Yes","Windows","Medium-rare","Right","DATA2002","Always",2,"Yes",9,75,3,24,9,"DI"
"High Distinction","do them immediately","Semester","More ""No""","No",75,"With parent(s) and/or sibling(s)","I don't drink alcohol","Yes",5,15,"Casual",7,"Omnivorous",1,1,"Yes","No","MacOS","Well done","Right","DATA2002","Always",6,"Yes",7,85,1,10,8,"HD"
"High Distinction","draw up a schedule and work through it in planned stages","Semester","More ""No""","Yes",30,"Alone","I don't drink alcohol","No",9,20,"I don't currently work",4,"Omnivorous",9,9,"No","No","Windows","I don't eat beef","Right","DATA2002","Always",NA,"Yes",5,80,3,0,7,"DI"
"High Distinction","do them immediately","Semester","More ""Yes""","No",50,"With parent(s) and/or sibling(s)","Less than 5 standard drinks","Yes",4,5,"Self employed",7,"Omnivorous",3,8,"Yes","No","MacOS","Medium-rare","Right","DATA2902","Always",2,"Yes",7,84,3,8,7,"DI"
"High Distinction","draw up a schedule and work through it in planned stages","Semester","More ""Yes""","No",15,"With parent(s) and/or sibling(s)","I don't drink alcohol","Yes",4,25,"Casual",7,"Vegetarian",8,6,"Yes","No","MacOS","I don't eat beef","Right","DATA2902","Always",0,"Yes",9,75,5,7,8,"DI"
"Distinction","cram at the last second","Semester","More ""Yes""","Yes",200,"Share house","Less than 5 standard drinks","No",3,7,"I don't currently work",3,"Omnivorous",7,7,"Yes","Yes","Windows","Medium-rare","Right","DATA2902","Always",0,"Yes",8,70,5,0,7,"CR"
"High Distinction","do them immediately","Semester","More ""Yes""","No",20,"With parent(s) and/or sibling(s)","I don't drink alcohol","Yes",5,4,"I don't currently work",8,"Omnivorous",8,8,"Yes","No","Windows","Medium-rare","Right","DATA2002","Always",2,"Yes",8,73,9,0,8.5,"CR"
"High Distinction","cram at the last second","Semester","More ""Yes""","No",40,"With parent(s) and/or sibling(s)","Less than 5 standard drinks","Yes",3,20,"Part time",8,"Omnivorous",4,8,"Yes","No","MacOS","Medium","Right","DATA2902","Usually",NA,"Yes",7,84,18,20,7.5,"DI"
"High Distinction","draw up a schedule and work through it in planned stages","Semester","More ""Yes""","Yes",20,"With partner","I don't drink alcohol","Yes",6,30,"I don't currently work",8,"Omnivorous",6,6,"No","Yes","MacOS","I don't eat beef","Right","DATA2902","Always",0,"Yes",8,88,5,0,8,"HD"
"Credit","draw up a schedule and work through it in planned stages","Semester","More ""No""","Yes",400,"Alone","I don't drink alcohol","No",8,15,"I don't currently work",5,"Omnivorous",8,8,"No","No","MacOS","Medium-well done","Right","DATA2002","Always",0,"Yes",3,60,2,30,7,"PS"
"High Distinction","draw up a schedule and work through it in planned stages","Semester","More ""Yes""","Yes",60,"Share house","Less than 5 standard drinks","No",5,24,"I don't currently work",7,"Omnivorous",4,4,"Yes","No","MacOS","Medium-rare","Right","DATA2002","Always",0,"Yes",9,50,1,0,7,"PS"
"High Distinction","cram at the last second","Semester","More ""No""",NA,20,"With parent(s) and/or sibling(s)","I don't drink alcohol","Yes",7,12,"I don't currently work",3,"Omnivorous",1,7,"No","No","Linux","Medium","Right","DATA2002","Usually",2,"Yes",5,72,1,0,6,"CR"
"High Distinction","cram at the last second","Semester","More ""No""","No",20,"With parent(s) and/or sibling(s)","I don't drink alcohol","Yes",10,5,"Casual",9,NA,7,7,"Yes","No","Windows","Medium-well done","Left","DATA2002","Sometimes",0,"Yes",6,NA,3,16,8,NA
"High Distinction","draw up a schedule and work through it in planned stages","Semester","More ""Yes""","Yes",200,"Alone","Less than 5 standard drinks","Yes",1,20,"I don't currently work",10,"Omnivorous",3,3,NA,"No","MacOS","Medium","Right","DATA2002","Always",0,"Yes",6,60,9,40,8.5,"PS"
"High Distinction","do them immediately","Semester","More ""No""","Yes",0,"With parent(s) and/or sibling(s)","I don't drink alcohol","No",3,25,"I don't currently work",7,"Omnivorous",10,1,"Yes","No","MacOS","Medium-rare","Right","DATA2002","Always",0,"Yes",2,80,5,0,8,"DI"
"High Distinction","draw up a schedule and work through it in planned stages","Semester","More ""Yes""","No",200,"With parent(s) and/or sibling(s)","Less than 5 standard drinks","Yes",3,10,"Casual",7,"Omnivorous",4,2,"Yes","Yes","MacOS","Medium-rare","Right","DATA2002","Usually",5,"No",9,75,10,25,7,"DI"
"Distinction","cram at the last second","Semester","More ""Yes""","No",50,"With parent(s) and/or sibling(s)","I don't drink alcohol","Yes",8,NA,"Casual",8,"Omnivorous",7,2,"Yes","Yes","Windows","Medium-rare","Right","DATA2002","Usually",0,"Yes",5,67,1,1.5,8,"CR"
"High Distinction","cram at the last second","Semester","More ""No""","No",20,"With parent(s) and/or sibling(s)","Less than 5 standard drinks","No",6,1,"Casual",8,"Omnivorous",9,7,"Yes","No","MacOS","Medium-rare","Right","DATA2002","Always",2,"Yes",7,81,20,1,8,"DI"
"High Distinction","do them immediately","Semester","More ""Yes""","Yes",100,"College or student accomodation","More than 20 standard drinks","No",1,50,"Casual",8,"Omnivorous",6,1,"Yes","Yes","Windows","I don't eat beef","Right","DATA2002","Always",0,"Yes",9,70,15,20,8,"CR"
"Distinction","cram at the last second","Semester","More ""No""","No",NA,"With parent(s) and/or sibling(s)","Less than 5 standard drinks","No",2,NA,"Casual",1,"Omnivorous",9,9,"Yes","No","Windows","Medium-well done","Left","DATA2902","Usually",3,"Yes",5,NA,4,20,6,NA
"Distinction","draw up a schedule and work through it in planned stages","Semester","More ""Yes""","No",30,"With parent(s) and/or sibling(s)","Less than 5 standard drinks","Yes",6,10,"Casual",7,"Omnivorous",4,8,"Yes","No","MacOS","Medium-rare","Right","DATA2002","Always",2,"Yes",8,87,4,13,9,"HD"
"Credit","draw up a schedule and work through it in planned stages","Semester","More ""Yes""","Yes",110,"With parent(s) and/or sibling(s)","Between 5 and 10 standard drinks","Yes",3,20,"Casual",2,"Pescatarian",5,6,"Yes","Yes","Linux","Well done","Right","DATA2002","Sometimes",0,"Yes",4,77,7,30,NA,"DI"
"Fail","cram at the last second","Trimester","More ""No""","Yes",250,"With parent(s) and/or sibling(s)","I don't drink alcohol","No",10,5,"I don't currently work",10,"Vegan",1,1,"No","Yes","Windows","Rare","Ambidextrous","DATA2002","Never",10,"Yes",4,52,11,40,9,"PS"
"High Distinction","cram at the last second","Semester","More ""Yes""","No",150,"With parent(s) and/or sibling(s)","Less than 5 standard drinks","No",7,46,"Casual",3,"Omnivorous",4,9,"Yes","Yes","Windows","Medium","Right","DATA2902","Usually",4,"Yes",7,89,0,5,7,"HD"
"High Distinction","draw up a schedule and work through it in planned stages","Semester","More ""Yes""","Yes",150,"Share house","Less than 5 standard drinks","Yes",2,20,"I don't currently work",7,"Omnivorous",7,7,"No","No","MacOS","Medium-well done","Right","DATA2002","Always",3,"Yes",8,75,5,NA,8.5,"DI"
"High Distinction","draw up a schedule and work through it in planned stages","Semester","More ""No""","Yes",40,"College or student accomodation","I don't drink alcohol","Yes",7,20,"I don't currently work",2,"Omnivorous",1,3,"No","No","Windows","Medium","Right","DATA2002","Usually",2,"Yes",8,86,4,0,7,"HD"
"High Distinction","do them immediately","Trimester","More ""Yes""","Yes",350,"Alone","I don't drink alcohol","Yes",10,65,"Casual",3,"Omnivorous",2,8,"Yes","No","MacOS","Medium-rare","Right","DATA2002","Always",3,"Yes",8,91.25,5,6,7,"HD"
"High Distinction","draw up a schedule and work through it in planned stages","Semester","More ""Yes""","No",50,"With parent(s) and/or sibling(s)","I don't drink alcohol","Yes",4,5,"I don't currently work",10,"Pescatarian",7,7,"Yes","No","MacOS","Medium-well done","Right","DATA2002","Always",3,"No",8,78,5,0,8,"DI"
"Distinction","cram at the last second","Semester","More ""No""","No",NA,"With parent(s) and/or sibling(s)","Less than 5 standard drinks","Yes",4,13,"I don't currently work",8,"Omnivorous",4,7,"Yes","No","MacOS","Well done","Right","DATA2002","Always",0,"Yes",7,NA,3,0,9,NA
"Fail","cram at the last second","Semester","More ""Yes""","No",10,"With parent(s) and/or sibling(s)","Less than 5 standard drinks","No",8,6,"I don't currently work",3,"Omnivorous",7,7,"Yes","No","MacOS","Medium","Right","DATA2002","Usually",5,"No",8,75,8,0,7,"DI"
"High Distinction","cram at the last second","Semester","More ""Yes""","Yes",130,"Share house","I don't drink alcohol","Yes",8,18,"I don't currently work",6,"Omnivorous",7,7,"No","No","MacOS","Well done","Right","DATA2002","Always",NA,"Yes",6,84,7,NA,8,"DI"
"High Distinction","draw up a schedule and work through it in planned stages",NA,"More ""Yes""","Yes",500,"Alone","Less than 5 standard drinks","Yes",5,55,"I don't currently work",5,"Omnivorous",1,9,"Yes","Yes","MacOS","Medium","Right","DATA2902","Usually",2,"Yes",6,82,10,0,6.5,"DI"
"High Distinction","draw up a schedule and work through it in planned stages","Semester","More ""Yes""","Yes",50,"With parent(s) and/or sibling(s)","Less than 5 standard drinks","Yes",10,25,"I don't currently work",6,"Omnivorous",4,2,"Yes","No","MacOS","I don't eat beef","Right","DATA2002","Usually",1,"Yes",10,82,3,0,6,"DI"
"Distinction","draw up a schedule and work through it in planned stages","Trimester","More ""Yes""","Yes",500,"Share house","I don't drink alcohol","Yes",7,31,"I don't currently work",7,"Omnivorous",9,7,"Yes","Yes","MacOS","Medium-well done","Right","DATA2002","Always",0,"Yes",8,NA,5,NA,8,NA
"High Distinction","cram at the last second","Semester","More ""No""","Yes",100,"College or student accomodation","Less than 5 standard drinks","Yes",5,10,"I don't currently work",4,"Omnivorous",8,8,"No","Yes","Windows","I don't eat beef","Right","DATA2002","Usually",4,"Yes",10,68,8,0,8,"CR"
"High Distinction","do them immediately","Semester","More ""Yes""","Yes",150,"College or student accomodation","I don't drink alcohol","Yes",7,40,"Part time",4,"Pescatarian",1,1,"Yes","Yes",NA,"Medium-well done","Right","DATA2002","Always",2,"No",8,67,4,2,8,"CR"
"Distinction","draw up a schedule and work through it in planned stages","Semester","More ""Yes""","Yes",100,"With parent(s) and/or sibling(s)","Between 5 and 10 standard drinks","Yes",6,15,"Casual",8,"Omnivorous",1,1,"Yes","No","MacOS","Well done","Left","DATA2002","Always",2,"Yes",10,70,0,10,7,"CR"
"Distinction","draw up a schedule and work through it in planned stages","Semester","More ""Yes""","No",50,"With parent(s) and/or sibling(s)","Less than 5 standard drinks","Yes",4,10,"Casual",5,"Omnivorous",6,6,"Yes","Yes","Windows","Medium-rare","Right","DATA2002","Always",5,"Yes",8,65,10,20,7,"CR"
"High Distinction","cram at the last second","Semester","More ""Yes""","Yes",200,"College or student accomodation","Less than 5 standard drinks",NA,5,35,"I don't currently work",6,NA,8,6,"Yes","No","Windows","Medium-rare","Left","DATA2002","Usually",NA,"Yes",7,80.4,2,0,5,"DI"
"Distinction","draw up a schedule and work through it in planned stages","Semester","More ""Yes""","Yes",100,"Alone","Less than 5 standard drinks","No",10,24,"I don't currently work",7,"Omnivorous",3,7,"No","No","Windows","Medium","Right","DATA2002","Always",2,"Yes",8,78.3,1,0,7,"DI"
"Distinction","draw up a schedule and work through it in planned stages",NA,"More ""Yes""","Yes",300,"College or student accomodation","Between 15 and 20 standard drinks","Yes",1,30,"I don't currently work",10,"Omnivorous",9,4,"Yes","No","Windows","Medium-rare","Right","DATA2002","Always",10,"No",7,90,6,0,8,"HD"
"Distinction","do them immediately","Semester","More ""No""","No",100,"With parent(s) and/or sibling(s)","Less than 5 standard drinks","Yes",7,10,"Casual",8,"Omnivorous",7,3,"Yes","No","Windows","Medium","Right","DATA2002","Usually",2,"Yes",7,74,3,12,7,"CR"
"High Distinction","draw up a schedule and work through it in planned stages","Trimester","More ""Yes""","No",500,"With partner","Less than 5 standard drinks","No",5,20,"Full time",5,"Omnivorous",10,7,"Yes","Yes","MacOS","Medium","Right","DATA2902","Always",6,"Yes",9,80,4,35,7,"DI"
"High Distinction",NA,"Semester","More ""Yes""","No",60,"With parent(s) and/or sibling(s)","I don't drink alcohol","Yes",3,6,"Casual",7,"Omnivorous",9,6,"Yes","No","MacOS","Medium-rare","Left","DATA2902","Always",2,"Yes",6,NA,8,7,8.5,NA
"Distinction","cram at the last second","Semester","More ""Yes""","No",NA,"With parent(s) and/or sibling(s)","More than 20 standard drinks","Yes",1,1,"I don't currently work",8,"Omnivorous",2,7,"Yes","No","Windows","Medium-rare","Right","DATA2002","Usually",3,"Yes",6,70,3,0,7,"CR"
"Distinction","do them immediately","Semester","More ""Yes""","No",80,"With parent(s) and/or sibling(s)","Less than 5 standard drinks","Yes",7,15,"Casual",1,"Omnivorous",5,8,"Yes","No","MacOS","Medium-rare","Right","DATA2902","Always",3,"Yes",6,79,0,4,6,"DI"
"Credit","draw up a schedule and work through it in planned stages","Semester","More ""Yes""","Yes",200,"With partner","I don't drink alcohol","No",5,30,"Part time",3,NA,8,5,"Yes","Yes","MacOS","Medium","Right","DATA2002","Always",0,"Yes",6,NA,0.5,35,7,NA
"High Distinction","do them immediately","Semester","More ""No""","No",40,"With parent(s) and/or sibling(s)","Less than 5 standard drinks","No",6,20,"Casual",3,"Vegan",10,10,"Yes","Yes","Windows","I don't eat beef","Right","DATA2902","Always",2,"Yes",10,81,3,15,8,"DI"
"High Distinction","do them immediately","Semester","More ""No""","No",30,"With parent(s) and/or sibling(s)","I don't drink alcohol","No",9,15,"Self employed",6,"Vegetarian",8,4,"Yes","Yes","MacOS","I don't eat beef","Right","DATA2002","Always",0,"Yes",5,78,3,0,6.5,"DI"
"High Distinction","do them immediately","Semester","More ""Yes""","Yes",100,"Alone","I don't drink alcohol","Yes",8,7,"I don't currently work",7,"Omnivorous",6,6,"No","No","MacOS","Medium-well done","Right","DATA2002","Always",0,"Yes",8,82,3,0,7,"DI"
"High Distinction","do them immediately","Semester","More ""No""","Yes",200,"Alone","I don't drink alcohol","Yes",5,20,"I don't currently work",8,"Omnivorous",6,6,"Yes","No","MacOS","Medium-well done","Right","DATA2002","Always",0,"Yes",5,90,10,0,8.5,"HD"
"High Distinction","draw up a schedule and work through it in planned stages","Semester","More ""Yes""","No",50,"With parent(s) and/or sibling(s)","Less than 5 standard drinks","Yes",4,3,"Casual",7,"Omnivorous",6,4,"Yes","No",NA,"Medium-rare","Right","DATA2002","Always",7,"Yes",8,80,15,20,7.5,"DI"
"Credit","cram at the last second","Semester","More ""Yes""","Yes",200,"College or student accomodation","I don't drink alcohol","No",7,20,"I don't currently work",5,"Omnivorous",5,3,"No","No","Windows","Medium","Right","DATA2002","Always",0,"No",6,70,5,0,7,"CR"
"Fail","do them immediately","Semester","More ""Yes""","No",50,"With parent(s) and/or sibling(s)","I don't drink alcohol","No",6,30,"Self employed",7,"Omnivorous",6,5,"Yes","No","MacOS","Medium","Right","DATA2002","Always",10,"Yes",7,77,6,5,8,"DI"
"High Distinction","draw up a schedule and work through it in planned stages","Semester","More ""Yes""","No",70,"With parent(s) and/or sibling(s)","Less than 5 standard drinks","No",2,12,"Casual",9,"Omnivorous",1,5,"Yes","No","MacOS","Medium-rare","Right","DATA2902","Always",4,"Yes",9,89.7,3,8,9,"HD"
"Distinction","draw up a schedule and work through it in planned stages","Semester","More ""Yes""","Yes",300,"Share house","I don't drink alcohol","No",1,30,"Casual",4,"Omnivorous",4,6,"Yes","No","Windows",NA,"Right","DATA2002","Always",0,"Yes",8,75,14,20,8,"DI"
"High Distinction","draw up a schedule and work through it in planned stages","Semester","More ""Yes""","Yes",80,"With partner","I don't drink alcohol","Yes",4,5,"Part time",8,"Omnivorous",1,1,"Yes","Yes","MacOS","Medium-rare","Right","DATA2002","Always",0,"Yes",7,85,5,10,9,"HD"
"High Distinction","draw up a schedule and work through it in planned stages","Semester","More ""Yes""","No",80,"College or student accomodation","Between 15 and 20 standard drinks","Yes",5,20,"Casual",6,"Vegetarian",5,10,"Yes","Yes","Windows","I don't eat beef","Left","DATA2902","Always",2,"Yes",7,80,5,20,8,"DI"
"High Distinction","draw up a schedule and work through it in planned stages","Semester","More ""Yes""","Yes",100,"With partner","Less than 5 standard drinks","Yes",4,5,"I don't currently work",3,"Omnivorous",5,5,"Yes","Yes","MacOS",NA,"Left","DATA2902","Always",1,"Yes",8,75,2,0,5,"DI"
"Credit","cram at the last second","Semester","More ""Yes""","No",100,"With parent(s) and/or sibling(s)","I don't drink alcohol","No",2,2,"Contractor",6,"Omnivorous",2,7,"Yes","Yes","Windows","Medium-rare","Right","DATA2902","Always",2,"Yes",8,NA,1,9,7,NA
"Distinction","draw up a schedule and work through it in planned stages","Semester","More ""Yes""","Yes",100,"Share house","I don't drink alcohol","No",5,25,"I don't currently work",5,"Omnivorous",3,3,"Yes","No","MacOS","Medium-well done","Right","DATA2002","Always",1,"Yes",8,60,2,0,7,"PS"
"High Distinction","draw up a schedule and work through it in planned stages","Semester","More ""Yes""","Yes",70,"Share house","Less than 5 standard drinks","Yes",5,35,"Casual",9,"Omnivorous",2,2,"Yes","No","Windows","Well done","Right","DATA2902","Always",0,"Yes",9,84.1,6,15,9,"DI"
"High Distinction","cram at the last second","Semester","More ""Yes""","No",100,"With partner","Less than 5 standard drinks","Yes",5,10,"Part time",4,"Omnivorous",6,6,"Yes","Yes","MacOS","Medium-rare","Right","DATA2902","Usually",2,"Yes",8,86,2,20,6,"HD"
"High Distinction","draw up a schedule and work through it in planned stages","Trimester","More ""Yes""","Yes",100,"Share house","I don't drink alcohol","No",1,0,"Casual",8,"Omnivorous",1,7,"Yes","No","MacOS","Rare","Right","DATA2002","Always",11,"Yes",9,100,0,12,8,NA
"Credit","draw up a schedule and work through it in planned stages","Semester","More ""Yes""","No",150,"With parent(s) and/or sibling(s)","Between 10 and 15 standard drinks","Yes",6,10,"Self employed",5,"Omnivorous",5,5,"Yes","No","MacOS","Medium-rare","Right","DATA2002","Always",0,"Yes",7,80,3,10,8,"DI"
"High Distinction","draw up a schedule and work through it in planned stages","Semester","More ""No""","Yes",200,"College or student accomodation","Less than 5 standard drinks","No",10,30,"Part time",2,"Omnivorous",7,7,"Yes","Yes","MacOS","Medium-rare","Right","DATA2002","Always",0,"Yes",8,87.3,5,12,7,"HD"
"Distinction","cram at the last second","Semester","More ""Yes""","No",250,"With parent(s) and/or sibling(s)","Between 10 and 15 standard drinks","No",3,5,"I don't currently work",9,"Omnivorous",4,4,"Yes","No","MacOS","Medium","Left","DATA2002","Always",3,"Yes",8,80,4,3,7.5,"DI"
"Distinction","cram at the last second","Semester","More ""Yes""","No",280,"With parent(s) and/or sibling(s)","Less than 5 standard drinks","Yes",7,8,"Casual",1,NA,6,3,"Yes","No","MacOS","Medium-rare","Right","DATA2002","Usually",3,"Yes",8,65,0,4,7,"CR"
"Fail","cram at the last second",NA,"More ""Yes""","Yes",150,"Share house","I don't drink alcohol","No",1,4,"Casual",10,"Omnivorous",3,3,"Yes","No","MacOS","Medium-rare","Right","DATA2002","Never",5,"Yes",5,65,15,25,8,"CR"
"Distinction","cram at the last second","Semester","More ""Yes""","Yes",80,"Share house","Between 10 and 15 standard drinks","Yes",7,8,"I don't currently work",3,"Omnivorous",6,7,"No","No","Windows","Medium-rare","Right","DATA2002","Usually",2,"Yes",6,58,8,0,5,"PS"
"Distinction","cram at the last second","Semester","More ""No""","No",30,"With parent(s) and/or sibling(s)","Less than 5 standard drinks","No",8,15,"Casual",5,"Omnivorous",6,6,"No","Yes","Windows","Medium-rare","Right","DATA2002","Sometimes",8,"Yes",9,65,3,15,8.5,"CR"
"High Distinction","do them immediately","Semester","More ""Yes""",NA,300,"With parent(s) and/or sibling(s)","Between 5 and 10 standard drinks","No",10,10,"Full time",10,NA,1,3,"Yes",NA,"MacOS",NA,"Right","DATA2002","Always",0,"Yes",10,92.5,1,40,10,"HD"
"Distinction","draw up a schedule and work through it in planned stages","Trimester","More ""Yes""","No",140,"College or student accomodation","I don't drink alcohol","Yes",4,24,"I don't currently work",4,"Omnivorous",9,9,"Yes","No","Windows","Medium-well done","Right","DATA2002","Always",1,"Yes",4,NA,7,0,7,NA
"Credit","draw up a schedule and work through it in planned stages","Semester","More ""Yes""","Yes",NA,"Share house","Less than 5 standard drinks","Yes",2,10,"I don't currently work",8,"Omnivorous",7,9,"Yes","Yes","MacOS","Medium-rare","Right","DATA2002","Always",0,"No",5,NA,8,0,9,NA
"High Distinction","draw up a schedule and work through it in planned stages","Semester","More ""Yes""","Yes",100,"Share house","Less than 5 standard drinks","Yes",6,25,"Part time",8,"Omnivorous",8,8,"No","Yes","Windows","Medium-rare","Right","DATA2002","Always",0,"Yes",8,79,14,28,7,"DI"
"High Distinction","cram at the last second","Semester","More ""No""","No",20,"With parent(s) and/or sibling(s)","I don't drink alcohol","Yes",5,5,"I don't currently work",3,"Omnivorous",3,7,"Yes","No","Windows","Well done","Ambidextrous","DATA2002","Usually",3,"Yes",6,60,0,0,10,"PS"
"Distinction","cram at the last second","Semester","More ""No""","No",200,"With parent(s) and/or sibling(s)","I don't drink alcohol","Yes",7,NA,"I don't currently work",1,"Omnivorous",9,5,"Yes","No","Windows","Medium-rare","Right","DATA2002","Sometimes",3,"Yes",1,NA,0,0,8,NA
"Distinction","draw up a schedule and work through it in planned stages","Semester","More ""Yes""","Yes",200,"With partner","I don't drink alcohol","Yes",7,48,"I don't currently work",7,"Omnivorous",6,6,"No","No","Windows","Medium-well done","Right","DATA2002","Always",2,"Yes",7,73,5,0,8,"CR"
"High Distinction","cram at the last second","Semester","More ""Yes""","Yes",187.45,"Alone","Less than 5 standard drinks","Yes",3,50,"I don't currently work",5,"Omnivorous",6,5,"No","Yes","MacOS","Well done","Ambidextrous","DATA2002","Always",0,"Yes",6,83,10,40,8,"DI"
"Distinction","do them immediately","Semester","More ""Yes""","Yes",40,"With partner","I don't drink alcohol","Yes",1,5,"Full time",7,"Pescatarian",6,6,"Yes","Yes","MacOS","Well done","Right","DATA2002","Always",1,"Yes",1,75,1,2,9,"DI"
"High Distinction","cram at the last second","Semester","More ""Yes""","No",40,"With parent(s) and/or sibling(s)","Between 5 and 10 standard drinks","Yes",7,20,"Casual",5,"Omnivorous",5,8,"Yes","No","MacOS","Medium-rare","Right","DATA2002","Usually",5,"Yes",7,NA,15,20,9,NA
"High Distinction","draw up a schedule and work through it in planned stages","Semester","More ""Yes""","Yes",400,"With partner","Less than 5 standard drinks","Yes",9,15,"Casual",7,"Omnivorous",5,5,"No","Yes","MacOS","Medium-rare","Right","DATA2002","Always",0,"No",9,82,2,10,7,"DI"
"Credit","draw up a schedule and work through it in planned stages","Semester","More ""Yes""","Yes",200,"Share house","I don't drink alcohol","Yes",5,32,"Casual",7,"Omnivorous",2,10,"Yes","No","Windows","Medium","Right","DATA2002","Always",NA,"Yes",8,83,4,3,8,"DI"
"High Distinction","do them immediately","Semester","More ""Yes""","Yes",200,NA,"I don't drink alcohol","No",8,30,"I don't currently work",7,"Omnivorous",9,5,"No","No","Windows","Well done","Right","DATA2002","Always",2,"Yes",6,75,14,0,8,"DI"
"Credit","cram at the last second","Semester","More ""Yes""","Yes",420,"College or student accomodation","Between 5 and 10 standard drinks","Yes",4,30,"I don't currently work",8,"Omnivorous",4,9,"Yes","No","MacOS","Well done","Right","DATA2002","Always",3,"Yes",10,70,5,0,NA,"CR"
"High Distinction","do them immediately","Semester","More ""Yes""","No",200,"College or student accomodation","Less than 5 standard drinks","Yes",6,NA,"Casual",5,"Omnivorous",6,7,"No","No","MacOS","I don't eat beef","Right","DATA2902","Usually",0,"Yes",6,83.68,24,5,NA,"DI"
"High Distinction","draw up a schedule and work through it in planned stages","Semester","More ""Yes""","Yes",210,"Alone","Less than 5 standard drinks","Yes",10,50,"I don't currently work",5,"Omnivorous",9,6,"No","No","Windows","Medium-rare","Ambidextrous","DATA2002","Always",0,"Yes",9,75,3,0,9,"DI"
"Distinction","cram at the last second","Semester","More ""Yes""","Yes",200,"Alone","Between 5 and 10 standard drinks","No",7,15,"Casual",3,"Omnivorous",5,7,"Yes","No","MacOS","Medium-rare","Left","DATA2002","Usually",3,"Yes",3,80,4,24,8,"DI"
"Distinction","do them immediately","Semester","More ""Yes""","Yes",300,"With partner","I don't drink alcohol","Yes",3,12,"I don't currently work",9,"Omnivorous",6,6,"No","No","MacOS","Medium-well done","Ambidextrous","DATA2002","Always",0,"Yes",6,65,1,0,10,"CR"
"Distinction","cram at the last second","Semester","More ""Yes""","Yes",360,"Share house","I don't drink alcohol","Yes",8,12,"I don't currently work",1,"Omnivorous",7,7,"No",NA,"MacOS","Medium-well done","Right","DATA2002","Usually",0,"Yes",4,65,1,0,6,"CR"
"High Distinction","do them immediately","Semester","More ""Yes""","Yes",50,"With parent(s) and/or sibling(s)","I don't drink alcohol","Yes",5,12,"I don't currently work",2,"Omnivorous",7,6,"No","No","Windows","Medium-well done","Right","DATA2002","Usually",0,"Yes",5,70,0,0,4,"CR"
"Distinction","draw up a schedule and work through it in planned stages","Semester","More ""Yes""","Yes",500,"With partner","Less than 5 standard drinks","Yes",6,35,"I don't currently work",4,"Omnivorous",9,10,"No","Yes","MacOS","Medium","Right","DATA2002","Always",0,"Yes",9,72,2,0,10,"CR"
"High Distinction","draw up a schedule and work through it in planned stages","Semester","More ""Yes""","Yes",150,"Share house","Less than 5 standard drinks","No",2,42,"I don't currently work",8,"Vegetarian",5,9,"No","No","MacOS","Medium","Right","DATA2002","Always",1,"Yes",8,82,7,5,7,"DI"
"High Distinction","do them immediately","Semester","More ""Yes""","Yes",10,"Alone","I don't drink alcohol","No",5,20,"I don't currently work",9,"Omnivorous",7,7,"Yes","No","MacOS","Medium-well done","Right","DATA2002","Usually",0,"Yes",5,64,0,0,7,"PS"
"High Distinction","do them immediately","Semester","More ""Yes""","Yes",NA,"With partner","I don't drink alcohol","No",10,40,"I don't currently work",NA,"Omnivorous",10,6,"Yes","Yes","MacOS","Medium","Right","DATA2002","Always",0,"Yes",8,61,1,0,8,"PS"
"Distinction","draw up a schedule and work through it in planned stages","Semester","More ""Yes""","Yes",10,"College or student accomodation","Less than 5 standard drinks","Yes",6,7,"I don't currently work",5,"Omnivorous",1,1,"No","No","Windows","Medium-well done","Right","DATA2002","Always",1,"Yes",6,70,5,0,7,"CR"
"Credit","cram at the last second","Semester","More ""Yes""","Yes",NA,"With parent(s) and/or sibling(s)","Less than 5 standard drinks","Yes",8,25,"I don't currently work",6,"Omnivorous",5,5,"Yes","No","Windows","Medium-rare","Right","DATA2002","Always",0,"Yes",8,NA,7,0,12,NA
"High Distinction","draw up a schedule and work through it in planned stages","Semester","More ""Yes""","No",20,"With parent(s) and/or sibling(s)","I don't drink alcohol","Yes",5,40,"I don't currently work",6,"Omnivorous",4,4,"Yes","No","MacOS","Rare","Right","DATA2002","Always",NA,"Yes",10,78.5,NA,0,7.5,"DI"
"Distinction","draw up a schedule and work through it in planned stages","Semester","More ""Yes""","Yes",100,"Share house","Less than 5 standard drinks","No",6,55,"I don't currently work",8,"Omnivorous",10,8,"No","No","MacOS","Medium","Right","DATA2002","Always",0,"Yes",9,75,30,0,7,"DI"
"Pass","do them immediately","Semester","More ""No""","No",50,"College or student accomodation","I don't drink alcohol","No",3,30,"Full time",5,"Omnivorous",6,8,"No","Yes","Windows","I don't eat beef","Right","DATA2002","Usually",0,"Yes",6,NA,10,0,8,NA
"High Distinction","cram at the last second","Semester","More ""Yes""","Yes",200,"With partner","I don't drink alcohol","Yes",7,20,"I don't currently work",3,"Omnivorous",6,6,"Yes","Yes","Windows","Medium-well done","Right","DATA2002","Always",0,"Yes",7,75,3,0,7,"DI"
"Credit","draw up a schedule and work through it in planned stages","Semester","More ""Yes""","Yes",200,"Alone","I don't drink alcohol","Yes",5,70,"Full time",5,"Omnivorous",7,7,"Yes","Yes","Windows","Medium-well done","Right","DATA2002","Always",0,"Yes",5,63,5,50,8,"PS"
"High Distinction","cram at the last second","Semester","More ""Yes""","No",100,"With parent(s) and/or sibling(s)","Less than 5 standard drinks","Yes",4,4,"Full time",1,"Omnivorous",7,7,"Yes","No","Windows","Medium-rare","Left","DATA2002","Always",0,"No",10,80,10,6.75,6,"DI"
"Pass","do them immediately","Semester","More ""Yes""","Yes",200,"With partner","I don't drink alcohol","Yes",9,14,"I don't currently work",2,"Omnivorous",6,6,NA,NA,"Windows","Medium-well done","Right","DATA2002","Always",0,"Yes",2,NA,1,0,10,NA
"High Distinction","draw up a schedule and work through it in planned stages","Semester","More ""Yes""","Yes",500,"Alone","Between 5 and 10 standard drinks","Yes",2,6,"I don't currently work",7,"Omnivorous",2,2,"Yes","No","MacOS","Medium-well done","Right","DATA2002","Always",1,"Yes",7,NA,2,0,9,NA
"Distinction","draw up a schedule and work through it in planned stages","Semester","More ""Yes""","Yes",150,"Share house","Less than 5 standard drinks","Yes",6,30,"I don't currently work",8,"Omnivorous",7,7,"Yes","Yes","MacOS","Medium-well done","Right","DATA2002","Usually",0,"Yes",7,70,5,NA,8,"CR"
"High Distinction","draw up a schedule and work through it in planned stages","Semester","More ""No""","Yes",70,"College or student accomodation","I don't drink alcohol","Yes",9,20,"Casual",4,"Omnivorous",2,2,"No","Yes","MacOS","I don't eat beef","Right","DATA2002","Always",0,"No",8,79,2,19,8,"DI"
"Distinction","draw up a schedule and work through it in planned stages","Semester","More ""Yes""","No",10,"College or student accomodation","Less than 5 standard drinks","Yes",5,10,"I don't currently work",5,"Omnivorous",5,4,"No","No","Windows","Medium-well done","Right","DATA2002","Usually",1,"Yes",6,70,7,0,7,"CR"
"Credit","draw up a schedule and work through it in planned stages","Semester","More ""Yes""","Yes",200,"With partner","Less than 5 standard drinks","Yes",3,5,"Casual",9,"Omnivorous",7,7,"Yes","Yes","Windows","Medium-well done","Right","DATA2002","Always",0,"Yes",7,66,10,11,10,"CR"
"High Distinction","cram at the last second","Semester","More ""Yes""","Yes",50,"Share house","I don't drink alcohol","Yes",6,15,"I don't currently work",3,"Omnivorous",2,2,"No","No","MacOS","Medium","Right","DATA2002","Usually",0,"Yes",8,66,8,0,9,"CR"
"High Distinction","draw up a schedule and work through it in planned stages","Semester","More ""Yes""","Yes",150,"Alone","I don't drink alcohol","Yes",7,45,"Full time",7,"Pescatarian",7,7,"Yes","No","MacOS","Medium","Right","DATA2002","Always",0,"No",4,90,1,0,9,"HD"
"High Distinction","cram at the last second","Semester","More ""No""","Yes",210,"College or student accomodation","I don't drink alcohol","Yes",4,45,"I don't currently work",3,"Omnivorous",8,9,"Yes","No","MacOS","Medium-well done","Right","DATA2002","Always",2,"Yes",2,84.5,2,0,8.5,"DI"
"Credit","cram at the last second","Trimester","More ""Yes""","Yes",300,"Alone","I don't drink alcohol","Yes",1,12,"Casual",5,"Pescatarian",7,7,"No","No","Windows","Well done","Right","DATA2002","Usually",0,"Yes",6,75,2,0,9,"DI"
"High Distinction","do them immediately","Semester","More ""No""","Yes",NA,"Share house","I don't drink alcohol","Yes",10,50,"I don't currently work",10,"Omnivorous",10,10,NA,"No",NA,"Medium","Right","DATA2002","Always",0,"Yes",5,72,0,0,7.5,"CR"
"High Distinction","draw up a schedule and work through it in planned stages","Semester","More ""Yes""","Yes",200,"Share house","Less than 5 standard drinks","No",3,24,"Casual",10,"Omnivorous",6,6,"Yes","Yes","MacOS","Medium-rare","Right","DATA2002","Always",3,"Yes",10,78,3,22.5,8,"DI"
"Distinction","draw up a schedule and work through it in planned stages","Semester","More ""Yes""","Yes",400,"College or student accomodation","I don't drink alcohol","Yes",8,30,"I don't currently work",4,"Omnivorous",8,6,NA,"No","Windows","Medium-well done","Right","DATA2002","Always",1,"Yes",7,63,4,0,8,"PS"
"High Distinction","draw up a schedule and work through it in planned stages","Semester","More ""Yes""","Yes",500,"Alone","Less than 5 standard drinks","Yes",3,55,"I don't currently work",7,"Vegetarian",6,2,"No","No","MacOS","Rare","Right","DATA2002","Always",0,"Yes",6,67.13,30,0,8,"CR"
"High Distinction","do them immediately","Semester","More ""Yes""","Yes",200,"Alone","I don't drink alcohol","Yes",9,45,"I don't currently work",2,"Omnivorous",7,3,"No","No","Windows","Medium-well done","Right","DATA2002","Usually",0,"Yes",8,73.8,10,NA,5,"CR"
"High Distinction","do them immediately","Semester","More ""Yes""","No",20,"With parent(s) and/or sibling(s)","Less than 5 standard drinks","No",6,20,"Casual",3,"Omnivorous",1,7,"Yes","Yes","Windows","Medium-rare","Right","DATA2902","Always",2,"Yes",9,85,6,12,8,"HD"
"High Distinction","draw up a schedule and work through it in planned stages","Semester","More ""Yes""","No",250,"Share house","Less than 5 standard drinks","Yes",3,24,"Full time",1,"Omnivorous",8,8,"Yes","Yes","MacOS","Medium-well done","Right","DATA2002","Always",0,"No",5,75,4,0,4,"DI"
"Distinction","do them immediately","Semester","More ""No""","Yes",250,"Share house","I don't drink alcohol","Yes",10,55,"I don't currently work",3,"Omnivorous",3,7,"No","No","Windows","Medium-well done","Right","DATA2002","Usually",5,"Yes",8,70,4,0,6,"CR"
"Distinction","cram at the last second","Semester","More ""Yes""","Yes",20,"With partner","Less than 5 standard drinks","Yes",2,28,"Self employed",10,"Omnivorous",6,10,"Yes","Yes","Windows","Medium-well done","Right","DATA2002","Always",0,"Yes",5,60,2,0,6,"PS"
"Credit","cram at the last second","Semester","More ""Yes""","Yes",280,"Share house","I don't drink alcohol","Yes",7,18,"I don't currently work",6,"Omnivorous",5,5,"Yes","No","Windows","Medium-well done","Right","DATA2002","Usually",1,"Yes",5,60,1,0,6,"PS"
"Distinction","cram at the last second","Semester","More ""No""","No",100,"With parent(s) and/or sibling(s)","Less than 5 standard drinks","Yes",5,15,"Casual",8,"Omnivorous",9,9,"Yes","No","Windows","Medium-rare","Right","DATA2002","Always",2,"No",8,76.6,2,12,7,"DI"
"High Distinction","do them immediately","Semester","More ""Yes""","No",40,"With parent(s) and/or sibling(s)","I don't drink alcohol","Yes",4,25,"Part time",7,"Pescatarian",3,9,"Yes","No","MacOS","I don't eat beef","Right","DATA2902","Always",3,"Yes",10,87.5,12,5,7.5,"HD"
"High Distinction","draw up a schedule and work through it in planned stages","Semester","More ""Yes""","Yes",150,"College or student accomodation","I don't drink alcohol","Yes",7,60,"I don't currently work",5,"Omnivorous",6,9,"No","Yes","Windows","Well done","Right","DATA2002","Always",0,"Yes",8,79,7,0,8,"DI"
"High Distinction","do them immediately","Semester","More ""Yes""","Yes",100,"College or student accomodation","Between 5 and 10 standard drinks","Yes",6,40,"I don't currently work",7,"Omnivorous",5,9,"Yes","Yes","Windows","I don't eat beef","Right","DATA2902","Always",0,"Yes",9,70.1,2,0,8,"CR"
"High Distinction","draw up a schedule and work through it in planned stages","Semester","More ""Yes""","No",NA,"With partner","Less than 5 standard drinks","No",8,30,"Casual",4,"Omnivorous",3,8,"Yes","Yes","MacOS","Medium-rare","Right","DATA2002","Always",3,"Yes",4,84,6,5,9,"DI"
"High Distinction","draw up a schedule and work through it in planned stages","Semester","More ""No""","Yes",100,"Alone","Less than 5 standard drinks","Yes",8,10,"Casual",4,"Omnivorous",2,8,"No","No","MacOS","Medium-well done","Right","DATA2002","Usually",2,"Yes",3,NA,5,16,5,NA
"High Distinction","cram at the last second","Semester","More ""Yes""","No",60,"With parent(s) and/or sibling(s)","Less than 5 standard drinks","Yes",1,9,"Casual",6,"Omnivorous",4,4,"Yes","No","MacOS","Medium-rare","Right","DATA2002","Usually",3,"No",8,70,7,24,7,"CR"
"Distinction","draw up a schedule and work through it in planned stages","Semester","More ""Yes""","Yes",300,"With parent(s) and/or sibling(s)","Less than 5 standard drinks","Yes",8,32,"I don't currently work",4,"Omnivorous",1,7,"No","No","MacOS","Medium","Right","DATA2002","Usually",0,"Yes",8,73,6,0,7,"CR"
"High Distinction","cram at the last second","Semester","More ""Yes""","No",100,"With parent(s) and/or sibling(s)","Between 5 and 10 standard drinks","Yes",1,20,"Casual",8,"Omnivorous",3,7,"Yes","No","Windows","Rare","Right","DATA2002","Always",6,"Yes",10,80,5,15,8,"DI"
"High Distinction","draw up a schedule and work through it in planned stages","Semester","More ""Yes""",NA,20,NA,"Less than 5 standard drinks","Yes",NA,19,"Casual",7,"Omnivorous",8,8,"Yes","Yes","Windows","Medium-well done","Right","DATA2902","Usually",3,"Yes",9,84.25,4,7,8,"DI"
"Distinction","draw up a schedule and work through it in planned stages","Semester","More ""Yes""","Yes",600,"With partner","Less than 5 standard drinks","Yes",10,56,"I don't currently work",3,"Omnivorous",8,8,"No","No","Windows","Medium","Right","DATA2002","Always",0,"No",7,69.3,14,4,6,"CR"
"High Distinction","draw up a schedule and work through it in planned stages","Semester","More ""Yes""","Yes",100,"Share house","I don't drink alcohol","No",4,20,"I don't currently work",8,"Omnivorous",2,2,"Yes","Yes","MacOS","Medium","Right","DATA2002","Always",0,"Yes",7,82,4,NA,7,"DI"
"High Distinction","draw up a schedule and work through it in planned stages","Trimester","More ""Yes""","Yes",400,"With partner","I don't drink alcohol","Yes",4,36,"I don't currently work",5,"Omnivorous",5,7,"No","Yes","Windows","Medium-well done","Right","DATA2002","Always",0,"Yes",8,NA,4,0,8,NA
"Distinction","cram at the last second","Semester","More ""No""","Yes",300,"College or student accomodation","I don't drink alcohol","No",10,35,"I don't currently work",3,"Omnivorous",6,6,"No","No","MacOS","Medium-well done","Right","DATA2002","Usually",0,"Yes",3,75.3,3.5,0,6,"DI"
"High Distinction","cram at the last second","Semester","More ""Yes""","No",150,"College or student accomodation","Between 10 and 15 standard drinks","Yes",1,40,"Casual",3,NA,10,4,"Yes","Yes","MacOS","Medium-rare","Right","DATA2902","Usually",3,"Yes",7,84,7,10,7,"DI"
"Distinction","draw up a schedule and work through it in planned stages","Semester","More ""Yes""","Yes",100,"College or student accomodation","I don't drink alcohol","Yes",7,NA,"Part time",8,NA,6,5,"No","No","Windows","Medium-rare","Right","DATA2002","Always",NA,"Yes",8,NA,5,14.5,9,NA
"Distinction","cram at the last second","Semester","More ""Yes""","Yes",100,"Share house","I don't drink alcohol","No",7,10,"Casual",3,"Omnivorous",3,7,"Yes","Yes","MacOS","Medium-rare","Right","DATA2002","Sometimes",4,"Yes",8,70,5,10,8,"CR"
"Distinction","cram at the last second","Semester","More ""No""","Yes",100,"Share house","Less than 5 standard drinks","Yes",8,15,"I don't currently work",7,"Omnivorous",9,9,"Yes","No","MacOS","I don't eat beef","Right","DATA2002","Always",0,"Yes",5,67,0,0,5,"CR"
"High Distinction","draw up a schedule and work through it in planned stages","Semester","More ""Yes""","Yes",100,"With partner","I don't drink alcohol","No",5,10,"I don't currently work",8,"Omnivorous",7,7,"Yes","No","MacOS","Well done","Right","DATA2002","Always",0,"Yes",9,52,7,0,9,"PS"
"Distinction","draw up a schedule and work through it in planned stages","Semester","More ""Yes""","Yes",200,"Share house","Less than 5 standard drinks","No",4,12,"I don't currently work",1,NA,10,10,"Yes","Yes","MacOS","Medium-rare","Right","DATA2002","Usually",0,"Yes",7,70,10,0,6,"CR"
"High Distinction","draw up a schedule and work through it in planned stages","Semester","More ""Yes""","Yes",20,"With parent(s) and/or sibling(s)","I don't drink alcohol","Yes",2,9,"I don't currently work",4,"Omnivorous",6,7,"No","No","Windows","I don't eat beef","Right","DATA2002","Always",7,"Yes",10,85.125,4,NA,7,"HD"
"High Distinction","cram at the last second","Semester","More ""Yes""","Yes",169,"Alone","Less than 5 standard drinks","Yes",10,8,"Part time",7,"Omnivorous",1,3,"No","No","MacOS","Medium-rare","Right","DATA2002","Never",6,"Yes",9,69,6,15,9,"CR"
"High Distinction","do them immediately","Semester","More ""Yes""","Yes",120,"Share house","I don't drink alcohol","No",2,20,"I don't currently work",1,NA,9,9,"Yes","No","Windows","Medium-rare","Right","DATA2002","Usually",4,"Yes",7,100,2,0,6,NA
"Distinction","cram at the last second","Semester","More ""Yes""","Yes",100,"College or student accomodation","I don't drink alcohol","Yes",8,20,"I don't currently work",4,"Omnivorous",6,8,"No","Yes","MacOS","Medium-rare","Right","DATA2002","Sometimes",0,"Yes",7,NA,3,0,7,NA
"High Distinction","draw up a schedule and work through it in planned stages","Semester","More ""Yes""","No",100,"With parent(s) and/or sibling(s)","Between 5 and 10 standard drinks","Yes",7,10,"Casual",7,"Omnivorous",6,6,"Yes","Yes","MacOS","Medium-rare","Right","DATA2002","Always",2,"Yes",8,82,4,15,7,"DI"
"Credit","draw up a schedule and work through it in planned stages","Semester","More ""Yes""","No",400,"With parent(s) and/or sibling(s)","Less than 5 standard drinks","No",7,20,"Part time",9,NA,3,8,"Yes","No","MacOS","Medium-rare","Right","DATA2002","Usually",2,"Yes",8,70,3,10,8,"CR"
"High Distinction","do them immediately","Semester","More ""No""","No",50,"With parent(s) and/or sibling(s)","I don't drink alcohol","No",2,5,"Casual",7,"Omnivorous",7,7,"Yes","No","Windows","Medium-well done","Right","DATA2002","Always",20,"Yes",8,91,5,3,8,"HD"
"Distinction","draw up a schedule and work through it in planned stages","Semester","More ""No""","No",90,"With parent(s) and/or sibling(s)","Less than 5 standard drinks","Yes",6,30,"Casual",4,"Omnivorous",7,9,"No","No","Windows","Medium-rare","Right","DATA2002","Sometimes",2,"Yes",8,78,5,10,7,"DI"
"High Distinction","do them immediately","Semester","More ""Yes""","Yes",80,"College or student accomodation","Less than 5 standard drinks","No",1,20,"Part time",6,NA,7,10,"Yes","Yes","MacOS","Medium-rare","Right",NA,"Usually",0,"Yes",NA,70,10,11,5,"CR"
"High Distinction","cram at the last second","Semester","More ""Yes""","Yes",NA,"Alone","I don't drink alcohol","Yes",5,8,"I don't currently work",1,"Pescatarian",7,1,"No","No","MacOS","Well done","Right","DATA2002","Always",0,"Yes",4,72,0,5,5,"CR"
"Distinction","do them immediately","Semester","More ""Yes""","Yes",100,"College or student accomodation","I don't drink alcohol","Yes",6,10,"I don't currently work",7,"Omnivorous",6,NA,"No","Yes","Windows","Medium-rare","Right","DATA2002","Usually",0,NA,6,NA,2,0,5,NA
"Credit","draw up a schedule and work through it in planned stages","Semester","More ""Yes""","Yes",100,"Alone","I don't drink alcohol","Yes",9,10,"I don't currently work",5,NA,5,5,"Yes","No","MacOS","Well done","Right","DATA2002","Always",1,"Yes",4,75,1,0,6,"DI"
"Distinction","draw up a schedule and work through it in planned stages","Semester","More ""Yes""","No",150,"With parent(s) and/or sibling(s)","Between 10 and 15 standard drinks","Yes",3,15,"Casual",4,"Omnivorous",7,8,"Yes","No","MacOS","Medium-rare","Right","DATA2002","Always",5,"No",7,75,5,20,7,"DI"
"Distinction","cram at the last second","Semester","More ""Yes""","No",100,"With parent(s) and/or sibling(s)","I don't drink alcohol","Yes",3,12,"Casual",4,"Omnivorous",7,7,"Yes","Yes","MacOS","Medium-rare","Right","DATA2002","Always",0,"No",4,62,20,12,7,"PS"
"Distinction","cram at the last second","Semester","More ""Yes""","No",20,"With parent(s) and/or sibling(s)","I don't drink alcohol","Yes",4,20,"I don't currently work",8,NA,9,10,"Yes","No","Windows","Medium-well done","Right","DATA2002","Always",0,"No",6,75,2,0,7,"DI"
"Distinction","cram at the last second","Semester","More ""No""","No",0,"With parent(s) and/or sibling(s)","I don't drink alcohol","No",5,25,"Casual",5,"Omnivorous",2,4,"Yes","No","Windows","Medium-well done","Right","DATA2002","Usually",0,"Yes",4,75,2.5,2,7,"DI"
"High Distinction","draw up a schedule and work through it in planned stages","Semester","More ""No""","Yes",300,"With partner","I don't drink alcohol","Yes",6,15,"Casual",5,"Omnivorous",1,1,"No","Yes","MacOS","Medium-rare","Right","DATA2002","Usually",0,"Yes",5,71,5,4,7,"CR"
"Distinction","draw up a schedule and work through it in planned stages","Semester","More ""Yes""","Yes",100,"Share house","I don't drink alcohol","No",8,40,"Part time",4,"Omnivorous",5,5,"Yes","No","MacOS","Medium","Right","DATA2002","Always",1,"Yes",5,81,2,10,7,"DI"
"High Distinction","draw up a schedule and work through it in planned stages","Semester","More ""Yes""","No",350,"With parent(s) and/or sibling(s)","Less than 5 standard drinks","No",2,15,"Full time",8,"Omnivorous",8,8,"Yes","Yes","Windows","Medium-rare","Right","DATA2002","Always",3,"Yes",10,82,8,40,7,"DI"
"Distinction","draw up a schedule and work through it in planned stages","Semester","More ""Yes""","No",50,NA,"Less than 5 standard drinks","Yes",10,20,"I don't currently work",10,"Omnivorous",3,3,"Yes","Yes","MacOS","Medium-rare","Right","DATA2002","Always",0,"Yes",7,70,4,0,8,"CR"
"High Distinction","draw up a schedule and work through it in planned stages","Semester","More ""Yes""","Yes",100,"Alone","I don't drink alcohol","Yes",8,12,"I don't currently work",5,"Omnivorous",7,6,"No","No","MacOS","Medium","Right","DATA2002","Always",2,"No",8,79,5,0,7,"DI"
"Distinction","cram at the last second","Semester","More ""Yes""","Yes",400,"With partner","I don't drink alcohol","No",4,21,"I don't currently work",2,"Pescatarian",3,8,"No","Yes","Windows","Medium","Right","DATA2002","Usually",0,"Yes",6,NA,4,0,9,NA
"High Distinction","draw up a schedule and work through it in planned stages","Semester","More ""Yes""","No",250,"With parent(s) and/or sibling(s)","I don't drink alcohol","No",4,40,"I don't currently work",7,"Omnivorous",1,9,"Yes","Yes","Windows","Medium-rare","Right","DATA2002","Always",1,"No",9,75,5,0,8,"DI"
"Distinction","draw up a schedule and work through it in planned stages","Semester","More ""Yes""","Yes",100,"Alone","I don't drink alcohol","Yes",3,12,"I don't currently work",4,NA,5,5,"No","No","MacOS","Well done","Right","DATA2002","Always",1,"Yes",5,68,2,0,6,"CR"
"High Distinction","draw up a schedule and work through it in planned stages","Semester","More ""Yes""","Yes",300,"Share house","I don't drink alcohol","Yes",2,35,"I don't currently work",8,"Omnivorous",6,6,"Yes","No","MacOS","Medium","Right","DATA2002","Always",0,"Yes",8,80.03,7,0,10,"DI"
"High Distinction","draw up a schedule and work through it in planned stages","Semester","More ""Yes""","Yes",100,"College or student accomodation","I don't drink alcohol","Yes",4,28,"Casual",10,"Omnivorous",7,7,NA,"Yes","MacOS","I don't eat beef","Right","DATA2002","Always",0,"Yes",10,80,5,10,8,"DI"
"High Distinction","draw up a schedule and work through it in planned stages","Semester","More ""Yes""","Yes",80,"College or student accomodation","I don't drink alcohol","Yes",1,7,"I don't currently work",10,"Omnivorous",9,6,"Yes","No","MacOS","Well done","Right","DATA2002","Always",0,"Yes",10,75,8,0,8,"DI"
"High Distinction","draw up a schedule and work through it in planned stages","Semester","More ""Yes""","Yes",150,"Share house","I don't drink alcohol","No",2,20,"I don't currently work",7,"Omnivorous",7,7,"Yes","Yes","Windows","Medium-well done","Right","DATA2902","Always",0,"Yes",8,87.25,2,0,8,"HD"
"Distinction","cram at the last second","Semester","More ""Yes""","No",50,"College or student accomodation","Less than 5 standard drinks","Yes",4,5,"Casual",5,"Omnivorous",6,8,"No","Yes","MacOS","Medium-rare","Right","DATA2002","Usually",2,"Yes",8,76,4,15,6,"DI"
"High Distinction","draw up a schedule and work through it in planned stages","Semester","More ""Yes""","Yes",80,"College or student accomodation","I don't drink alcohol","Yes",10,7,"I don't currently work",8,"Omnivorous",9,10,"Yes","No","MacOS","Well done","Right","DATA2002","Always",0,"Yes",6,72,8,0,8,"CR"
"Distinction","draw up a schedule and work through it in planned stages","Semester","More ""Yes""","No",100,"With parent(s) and/or sibling(s)","Less than 5 standard drinks","Yes",6,35,"Casual",7,"Omnivorous",4,4,"Yes","No","MacOS","Medium","Right","DATA2002","Usually",2,"Yes",6,60,5,15,7,"PS"
"Fail","draw up a schedule and work through it in planned stages","Trimester","More ""Yes""","Yes",NA,NA,"More than 20 standard drinks","Yes",10,NA,"Casual",1,"Pescatarian",2,7,"Yes","No","MacOS","I don't eat beef","Right","DATA2902","Never",NA,"Yes",10,90,12,NA,7.33,"HD"
"Distinction","draw up a schedule and work through it in planned stages","Semester","More ""Yes""","No",500,"Share house","I don't drink alcohol","Yes",6,15,"I don't currently work",3,"Omnivorous",7,7,"Yes","No","MacOS","Medium","Right","DATA2002","Always",0,"Yes",8,NA,2,0,7,NA
"Credit","cram at the last second","Semester","More ""Yes""","No",100,"With parent(s) and/or sibling(s)","Between 10 and 15 standard drinks","No",3,7,"Part time",4,"Omnivorous",5,9,"No","No","MacOS","Medium-rare","Right","DATA2002","Usually",3,"Yes",6,65,3,21,6,"CR"
"Distinction","cram at the last second","Semester","More ""Yes""","No",50,"With parent(s) and/or sibling(s)","Less than 5 standard drinks","No",3,15,"Part time",2,"Omnivorous",5,4,"Yes","No","MacOS","I don't eat beef","Right","DATA2002","Usually",2,"No",9,100,10,22,6,NA
"High Distinction","do them immediately","Semester","More ""Yes""","Yes",20,"Share house","I don't drink alcohol","Yes",7,20,"I don't currently work",2,"Omnivorous",10,10,"No","No","Windows","I don't eat beef","Right","DATA2002","Usually",0,"Yes",9,74,0,0,10,"CR"
"Credit","draw up a schedule and work through it in planned stages","Semester","More ""No""","Yes",280,"College or student accomodation","I don't drink alcohol","No",6,32,"I don't currently work",7,"Omnivorous",8,8,"No","No",NA,"Medium-rare","Right","DATA2002","Always",0,"Yes",7,NA,6,0,8,NA
"High Distinction","cram at the last second","Trimester","More ""Yes""","Yes",40,NA,"Less than 5 standard drinks","Yes",3,10,"I don't currently work",6,"Omnivorous",2,2,"Yes","Yes","MacOS","Medium-rare","Right","DATA2002","Always",NA,"Yes",8,80,3,8,7,"DI"
"Pass","cram at the last second","Trimester","More ""No""","Yes",210,"Alone","I don't drink alcohol","Yes",10,8,"I don't currently work",4,"Omnivorous",5,8,"Yes","No","Windows","Medium-well done","Right","DATA2002","Usually",0,"No",4,50,0,0,7,"PS"
"High Distinction","draw up a schedule and work through it in planned stages","Semester","More ""Yes""","Yes",150,"Share house","I don't drink alcohol","Yes",4,30,"I don't currently work",5,"Omnivorous",6,8,"Yes","No","MacOS","Well done","Right","DATA2002","Always",0,"Yes",8,80,6,5,7,"DI"
"High Distinction","draw up a schedule and work through it in planned stages","Semester","More ""No""","No",50,"With parent(s) and/or sibling(s)","Between 5 and 10 standard drinks","Yes",10,40,"I don't currently work",7,"Omnivorous",2,2,"No","Yes","MacOS","Well done","Right","DATA2002","Always",0,"Yes",10,75,3,0,7,"DI"
"Distinction","draw up a schedule and work through it in planned stages","Semester","More ""Yes""","No",60,"With parent(s) and/or sibling(s)","I don't drink alcohol","Yes",7,2,"I don't currently work",3,"Omnivorous",3,3,"No","No","MacOS","Medium-rare","Right","DATA2002","Always",1.5,"Yes",8,80,2,0,8,"DI"
"Credit","cram at the last second","Semester","More ""No""","Yes",300,"Share house","Less than 5 standard drinks","Yes",6,24,"I don't currently work",4,"Omnivorous",7,7,"Yes","No","Windows","Medium-well done","Right","DATA2002","Always",0,"Yes",6,60,6,0,7,"PS"
"High Distinction","draw up a schedule and work through it in planned stages","Semester","More ""No""","No",NA,NA,"Between 5 and 10 standard drinks","Yes",8,NA,"Casual",3,"Omnivorous",7,7,"No","Yes","MacOS","Medium-rare","Right","DATA2002","Always",2,"Yes",9,NA,9,24,7,NA
"Pass","cram at the last second",NA,"More ""No""","Yes",165,"College or student accomodation","Between 5 and 10 standard drinks","No",7,NA,"I don't currently work",3,"Omnivorous",9,2,"Yes","No","MacOS","Medium-rare","Right","DATA2002","Always",3,"Yes",7,NA,5,0,7,NA
"High Distinction","cram at the last second","Semester","More ""Yes""","No",100,"With partner","I don't drink alcohol","Yes",7,6,"I don't currently work",6,"Omnivorous",7,7,"Yes","No","Windows","Medium-rare","Right","DATA2902","Usually",0,"Yes",8,87,0,0,8,"HD"
"High Distinction","do them immediately","Semester","More ""No""","Yes",200,"College or student accomodation","I don't drink alcohol","Yes",7,25,"I don't currently work",8,"Omnivorous",4,7,"Yes","No","MacOS","Medium-rare","Right","DATA2002","Always",0,"Yes",7,85,4,0,8,"HD"
"Distinction","draw up a schedule and work through it in planned stages","Semester","More ""Yes""","No",85,"With parent(s) and/or sibling(s)","Between 5 and 10 standard drinks","No",2,2,"Casual",7,"Omnivorous",5,9,"Yes","No","MacOS","Medium","Right","DATA2002","Always",3,"Yes",7,81.7,4.5,16,8,"DI"
"High Distinction","cram at the last second","Semester","More ""Yes""","No",250,"Alone","Less than 5 standard drinks","No",2,40,"I don't currently work",8,"Omnivorous",6,8,"No","Yes","MacOS","Medium-well done","Right","DATA2002","Usually",2,"Yes",4,83.5,4,0,8,"DI"
"Credit","cram at the last second","Semester","More ""Yes""","No",200,"College or student accomodation","More than 20 standard drinks","Yes",1,2,"Casual",4,"Omnivorous",3,NA,"Yes","No","MacOS","Rare","Right","DATA2002","Usually",14,"Yes",8,65,30,20,8,"CR"
"High Distinction","draw up a schedule and work through it in planned stages","Semester","More ""Yes""","No",10,"With parent(s) and/or sibling(s)","I don't drink alcohol","No",4,5,"Casual",7,NA,9,4,"Yes","No","Windows","Medium","Right","DATA2902","Always",2,"Yes",10,87.5,5,7,7.5,"HD"
"Distinction","cram at the last second","Semester","More ""Yes""",NA,5,"College or student accomodation","Between 5 and 10 standard drinks","Yes",9,7,"Part time",6,"Pescatarian",7,7,NA,"No","Windows","I don't eat beef","Ambidextrous","DATA2002","Always",2,"Yes",5,69,1,6,8,"CR"
"Credit","draw up a schedule and work through it in planned stages","Semester","More ""No""","Yes",150,"Alone","I don't drink alcohol","Yes",8,25,"Full time",4,"Omnivorous",6,6,"No","No","MacOS","Medium-well done","Right","DATA2002","Usually",2,"Yes",7,70,4,0,6,"CR"
"High Distinction","draw up a schedule and work through it in planned stages","Semester","More ""Yes""","No",20,"With parent(s) and/or sibling(s)","I don't drink alcohol","No",10,33,"Part time",8,"Omnivorous",8,8,"Yes","No","Windows","Medium-rare","Right","DATA2002","Always",0,"Yes",8,NA,0,9,8,NA
"High Distinction","draw up a schedule and work through it in planned stages","Semester","More ""Yes""","No",20,"With parent(s) and/or sibling(s)","I don't drink alcohol","Yes",7,30,"Self employed",2,"Omnivorous",4,7,"Yes","No","MacOS","Medium","Right","DATA2002","Always",0,"Yes",7,NA,NA,2,7,NA
"Pass","draw up a schedule and work through it in planned stages","Semester","More ""Yes""","Yes",80,"With parent(s) and/or sibling(s)","I don't drink alcohol","Yes",5,8,NA,8,"Omnivorous",8,8,"Yes","Yes","Windows","Medium","Right","DATA2002","Always",0,"Yes",9,70,6,0,6,"CR"
"Distinction","cram at the last second","Semester","More ""Yes""","No",40,"With parent(s) and/or sibling(s)","Less than 5 standard drinks","Yes",4,10,"I don't currently work",4,"Omnivorous",6,9,"Yes","Yes","Windows","Medium-rare","Right","DATA2002","Usually",NA,"Yes",6,NA,6,0,7,NA
"High Distinction","draw up a schedule and work through it in planned stages","Semester","More ""No""","Yes",500,"Share house","Less than 5 standard drinks","Yes",8,20,"I don't currently work",6,"Omnivorous",7,7,"Yes","Yes","MacOS","Medium","Right","DATA2002","Usually",0,"Yes",5,69,2,0,6.5,"CR"
"High Distinction","cram at the last second","Semester","More ""Yes""","Yes",150,NA,"Less than 5 standard drinks","Yes",10,3,"Contractor",10,"Omnivorous",7,7,NA,NA,"Windows","Medium-rare","Right","DATA2002","Usually",0,"Yes",10,91,0,4,7,"HD"
"High Distinction","do them immediately","Semester","More ""Yes""","Yes",30,"With parent(s) and/or sibling(s)","I don't drink alcohol","Yes",7,30,"I don't currently work",8,"Omnivorous",8,8,"Yes","No","MacOS","Medium","Right","DATA2002","Always",2,"Yes",9,NA,7,0,6,NA
"Distinction","draw up a schedule and work through it in planned stages","Semester","More ""Yes""","No",40,"With partner","Less than 5 standard drinks","Yes",1,42,"I don't currently work",10,"Vegetarian",2,7,"Yes","Yes","MacOS","I don't eat beef","Left","DATA2002","Always",6,"Yes",8,70.7,10,0,7.25,"CR"
"Distinction","draw up a schedule and work through it in planned stages","Semester","More ""Yes""","No",150,"With parent(s) and/or sibling(s)","I don't drink alcohol","Yes",2,NA,"Part time",3,"Omnivorous",2,2,"Yes","Yes","MacOS","Medium-rare","Right","DATA2002","Always",0,"Yes",5,NA,NA,18,8,NA
"High Distinction","do them immediately","Semester","More ""Yes""","Yes",10,"With partner","I don't drink alcohol","Yes",2,10,"Casual",8,"Omnivorous",7,10,NA,"Yes",NA,"Medium","Right","DATA2002","Always",1,"Yes",8,78,2,0,9,"DI"
"Distinction","cram at the last second","Semester","More ""No""","No",300,"With parent(s) and/or sibling(s)","Less than 5 standard drinks","Yes",4,5,"Casual",5,"Omnivorous",2,2,"Yes","Yes","MacOS","Medium-well done","Right","DATA2002","Usually",0,"Yes",4,70,0.5,13,8,"CR"
"Credit","draw up a schedule and work through it in planned stages","Semester",NA,"Yes",400,"Share house","I don't drink alcohol","Yes",3,5,"I don't currently work",8,"Omnivorous",10,1,"Yes","Yes","Windows","Well done","Left","DATA2002","Always",0,"Yes",7,72,6,0,7,"CR"
"Distinction","cram at the last second","Trimester","More ""Yes""","Yes",100,"Share house","I don't drink alcohol","No",9,20,"I don't currently work",2,"Omnivorous",7,7,"Yes","No","MacOS","Medium-well done","Right","DATA2002","Usually",0,"Yes",7,NA,7,0,5,NA
"High Distinction","draw up a schedule and work through it in planned stages","Semester","More ""Yes""","Yes",NA,"College or student accomodation","I don't drink alcohol","No",3,50,"I don't currently work",5,"Omnivorous",7,7,"No","No","Windows","Medium-well done","Right","DATA2002","Always",2,"No",9,84,0,0,8.5,"DI"
"High Distinction","draw up a schedule and work through it in planned stages","Semester","More ""Yes""","Yes",100,"With partner","I don't drink alcohol","Yes",2,10,"Contractor",7,NA,8,10,"Yes","Yes","MacOS","Medium-rare","Left","DATA2002","Always",NA,"Yes",6,NA,3,3,10,NA
"Distinction","cram at the last second","Semester","More ""Yes""","Yes",130,"College or student accomodation","I don't drink alcohol","No",5,20,"Casual",4,NA,4,4,"Yes","No","MacOS","Medium-rare","Right","DATA2002","Sometimes",5,"Yes",6,73,4,3,7,"CR"
"Distinction","draw up a schedule and work through it in planned stages","Semester","More ""Yes""","Yes",280,"Alone","Less than 5 standard drinks","Yes",6,25,"I don't currently work",4,"Omnivorous",3,3,"Yes","No","MacOS","Medium-well done","Right","DATA2002","Always",2,"Yes",7,78,7,0,8,"DI"
"High Distinction","cram at the last second","Semester","More ""Yes""","Yes",100,"Share house","I don't drink alcohol","Yes",7,38,"I don't currently work",2,"Omnivorous",6,4,"No","No","Windows","Well done","Right","DATA2002","Always",0,"Yes",3,68,2,0,9,"CR"
"High Distinction","cram at the last second","Semester","More ""Yes""","No",250,"Alone","Less than 5 standard drinks","No",10,56,"I don't currently work",1,"Omnivorous",3,3,"Yes","No","Windows","Medium","Right","DATA2002","Always",0,"Yes",8,75,1,0,6.5,"DI"
"High Distinction","draw up a schedule and work through it in planned stages","Semester","More ""Yes""","Yes",130,"Share house","Less than 5 standard drinks","Yes",5,30,"I don't currently work",2,"Omnivorous",6,9,"No","No","Windows","Well done","Right","DATA2002","Usually",2,"Yes",1,75.65,5,0,8,"DI"
"Distinction","draw up a schedule and work through it in planned stages","Trimester","More ""Yes""","Yes",288,"Alone","Less than 5 standard drinks","Yes",6,26,"I don't currently work",8,"Omnivorous",7,8,"No","No","MacOS","Medium","Right","DATA2002","Always",2,"Yes",8,72,8,0,7.5,"CR"
"Distinction","cram at the last second","Semester","More ""Yes""","No",200,"With parent(s) and/or sibling(s)","Between 5 and 10 standard drinks","Yes",5,5,"Casual",2,"Omnivorous",6,6,"Yes","No","Windows","Medium-rare","Right","DATA2902","Always",6,"Yes",7,73,7,24,6,"CR"
"Distinction","cram at the last second","Semester","More ""No""","Yes",400,"Share house","Less than 5 standard drinks","Yes",2,15,"I don't currently work",1,"Pescatarian",7,7,"No","Yes","Windows","Well done","Left","DATA2002","Always",2,"Yes",4,65,0,0,6,"CR"
"High Distinction","draw up a schedule and work through it in planned stages","Semester","More ""Yes""","No",50,"With parent(s) and/or sibling(s)","I don't drink alcohol","No",5,55,"Self employed",6,"Omnivorous",7,4,"Yes","No","MacOS","Medium-rare","Right","DATA2002","Always",3,"Yes",7,NA,4,3,8,NA
"Distinction","draw up a schedule and work through it in planned stages","Semester","More ""Yes""","Yes",150,"Share house","I don't drink alcohol","Yes",6,50,"I don't currently work",4,"Omnivorous",7,7,"Yes","No","MacOS","Medium-well done","Right","DATA2002","Always",1,"Yes",6,59.5,1,0,7.5,"PS"
"High Distinction","cram at the last second","Semester","More ""Yes""","Yes",500,"Share house","I don't drink alcohol","Yes",8,4,"I don't currently work",1,"Omnivorous",2,7,"No","No","MacOS","Well done","Right","DATA2002","Usually",2,"No",3,78,1,0,10,"DI"
"High Distinction","draw up a schedule and work through it in planned stages","Semester","More ""Yes""","No",200,"With parent(s) and/or sibling(s)","I don't drink alcohol","Yes",5,20,"Full time",6,"Omnivorous",8,7,"Yes","Yes","MacOS","I don't eat beef","Right","DATA2002","Always",4,"Yes",8,81,12,40,6.5,"DI"
"Distinction","cram at the last second","Semester","More ""No""","No",200,"With parent(s) and/or sibling(s)","I don't drink alcohol","Yes",3,35,"Self employed",8,"Omnivorous",7,7,"Yes","No","MacOS","Medium-well done","Right","DATA2002","Always",5,"Yes",8,70,9,20,9,"CR"
"High Distinction","do them immediately","Semester","More ""Yes""","Yes",50,"With parent(s) and/or sibling(s)","Less than 5 standard drinks","Yes",2,5,"Casual",8,NA,4,9,"Yes","No","Windows","Medium-well done","Right","DATA2902","Always",2,"Yes",7,88,3,6,8,"HD"
"High Distinction","draw up a schedule and work through it in planned stages","Semester","More ""Yes""","Yes",250,"College or student accomodation","Less than 5 standard drinks","Yes",7,10,"I don't currently work",7,NA,10,10,"Yes","No","MacOS","Medium-well done","Right","DATA2002","Usually",0,"Yes",9,78,2,15,7,"DI"
"High Distinction","draw up a schedule and work through it in planned stages","Semester","More ""Yes""","Yes",150,"With partner","I don't drink alcohol","No",5,15,"Casual",6,"Omnivorous",6,8,"Yes","Yes","MacOS","Medium-well done","Right","DATA2002","Always",1,"Yes",6,70,5,0,8,"CR"
"High Distinction","cram at the last second","Semester","More ""No""","No",20,"With parent(s) and/or sibling(s)","I don't drink alcohol","No",9,10,"Part time",4,"Omnivorous",3,3,"Yes","No","Windows","Medium","Right","DATA2902","Always",3,"Yes",7,82,4,13,6,"DI"
"Distinction","draw up a schedule and work through it in planned stages","Semester","More ""Yes""","Yes",200,"Share house","Less than 5 standard drinks","Yes",6,17,"Casual",8,"Omnivorous",8,8,"Yes","No","MacOS","Medium-well done","Right","DATA2002","Always",0,"Yes",4,NA,3,16,9.5,NA
"High Distinction","draw up a schedule and work through it in planned stages","Semester","More ""Yes""","Yes",200,"Share house","Less than 5 standard drinks","Yes",6,21,"I don't currently work",8,"Omnivorous",6,9,"Yes","No","MacOS","Medium-well done","Right","DATA2002","Always",0,"No",10,84.8,4,0,6.5,"DI"
"High Distinction","draw up a schedule and work through it in planned stages","Semester","More ""Yes""","Yes",50,"College or student accomodation","I don't drink alcohol","Yes",5,35,"Casual",9,"Omnivorous",2,2,"Yes","No","Windows","Medium-well done","Right","DATA2002","Always",1,"Yes",9,73.2,5,5,8,"CR"
"Distinction","cram at the last second","Semester","More ""Yes""","No",200,"College or student accomodation","Less than 5 standard drinks","Yes",8,3,"I don't currently work",5,"Omnivorous",5,4,"Yes","No","MacOS","Medium","Right","DATA2002","Always",0,"Yes",7,66,2,0,6,"CR"
"Distinction","draw up a schedule and work through it in planned stages","Semester","More ""Yes""","Yes",200,"Share house","Less than 5 standard drinks","No",3,40,"Casual",9,"Omnivorous",7,7,"Yes","No","Windows","Medium","Ambidextrous","DATA2002","Always",0,"Yes",8,80,5,10,7,"DI"
"Distinction","draw up a schedule and work through it in planned stages","Semester","More ""Yes""","Yes",180,"Share house","I don't drink alcohol","No",3,30,"I don't currently work",8,"Pescatarian",6,8,"No","No","Windows","Medium-well done","Right","DATA2002","Usually",2,"Yes",6,NA,8,0,9,NA
"Pass","draw up a schedule and work through it in planned stages","Semester","More ""Yes""","Yes",210,"College or student accomodation","Between 5 and 10 standard drinks","Yes",4,40,"I don't currently work",4,"Pescatarian",3,8,"No","No","Windows","Medium-rare","Right","DATA2002","Always",0,"Yes",10,75,3,0,6,"DI"
"High Distinction","do them immediately","Semester","More ""Yes""","Yes",150,"College or student accomodation","I don't drink alcohol","No",7,20,"Part time",4,"Omnivorous",7,7,"Yes","No","Windows","Medium-well done","Right","DATA2002","Usually",0,"Yes",7,75,4,0,7.5,"DI"
"High Distinction","cram at the last second","Semester","More ""Yes""","No",20,"With parent(s) and/or sibling(s)","Less than 5 standard drinks","Yes",7,7,"Part time",1,"Omnivorous",6,8,"Yes","No","MacOS","Medium-rare","Right","DATA2002","Usually",2,"Yes",9,87,4,9,6,"HD"
"Distinction","draw up a schedule and work through it in planned stages","Semester","More ""No""","No",0,NA,"Less than 5 standard drinks","Yes",4,15,"I don't currently work",8,"Omnivorous",6,7,NA,"Yes","Windows","Medium-rare","Right","DATA2902","Always",2,"Yes",7,NA,0,0,8,NA
"Distinction","draw up a schedule and work through it in planned stages","Semester","More ""Yes""","Yes",40,"With parent(s) and/or sibling(s)","Less than 5 standard drinks","No",2,25,"Part time",8,"Omnivorous",10,7,"Yes","Yes","MacOS","Medium-well done","Right","DATA2002","Always",30,"No",10,78,5,23,7,"DI"
"Distinction","do them immediately","Semester","More ""Yes""","Yes",315,"College or student accomodation","I don't drink alcohol","Yes",9,7,"I don't currently work",4,"Omnivorous",5,7,"Yes","Yes","Windows","Medium","Right","DATA2002","Usually",0,"Yes",6,73.92,4,0,8,"CR"
"High Distinction","draw up a schedule and work through it in planned stages","Semester","More ""Yes""","No",75,"With parent(s) and/or sibling(s)","I don't drink alcohol","Yes",6,15,"Casual",4,"Omnivorous",4,4,"Yes","Yes","MacOS","Medium-rare","Right","DATA2002","Always",4,"Yes",8,85,12,15,7,"HD"
"High Distinction","draw up a schedule and work through it in planned stages","Semester","More ""Yes""","Yes",NA,"College or student accomodation","I don't drink alcohol","Yes",4,40,"Full time",7,"Omnivorous",1,1,"Yes","No","Windows","Well done","Right","DATA2002","Always",1,"Yes",8,87,1,0,7,"HD"
"High Distinction","cram at the last second","Semester","More ""Yes""","No",40,"With parent(s) and/or sibling(s)","I don't drink alcohol","Yes",4,15,"Contractor",7,"Omnivorous",1,3,"Yes","Yes","MacOS","Medium-well done","Right","DATA2002","Usually",0,"No",8,73,3,13,8,"CR"
"High Distinction","draw up a schedule and work through it in planned stages","Semester","More ""Yes""","Yes",100,"College or student accomodation","Less than 5 standard drinks","Yes",2,40,"I don't currently work",3,"Omnivorous",10,7,"Yes","Yes","MacOS","Medium-well done","Right","DATA2002","Always",7,"No",9,67,5,0,9,"CR"
